wt%_C,liquidus_C,A3_C,A1_C,cementite_C
0.000000000000000000e+00,1.538000000000000000e+03,9.120000000000000000e+02,7.270000000000000000e+02,7.380000000000000000e+02
1.118530884808013361e-02,1.536982917265209380e+03,9.092772603461910421e+02,7.270000000000000000e+02,7.378601836395737337e+02
2.237061769616026721e-02,1.535965834530418988e+03,9.065545206923820842e+02,7.270000000000000000e+02,7.377203672791475810e+02
3.355592654424040255e-02,1.534948751795628368e+03,9.038317810385730127e+02,7.270000000000000000e+02,7.375805509187213147e+02
4.474123539232053443e-02,1.533931669060837748e+03,9.011090413847640548e+02,7.270000000000000000e+02,7.374407345582950484e+02
5.592654424040066630e-02,1.532914586326047356e+03,8.983863017309550969e+02,7.270000000000000000e+02,7.373009181978688957e+02
6.711185308848080511e-02,1.531897503591256736e+03,8.956635620771461390e+02,7.270000000000000000e+02,7.371611018374426294e+02
7.829716193656093004e-02,1.530880420856466117e+03,8.929408224233371811e+02,7.270000000000000000e+02,7.370212854770163631e+02
8.948247078464106885e-02,1.529863338121675724e+03,8.902180827695281096e+02,7.270000000000000000e+02,7.368814691165900967e+02
1.006677796327212077e-01,1.528846255386885105e+03,8.874953431157191517e+02,7.270000000000000000e+02,7.367416527561639441e+02
1.118530884808013326e-01,1.527829172652094485e+03,8.847726034619101938e+02,7.270000000000000000e+02,7.366018363957376778e+02
1.230383973288814714e-01,1.526812089917304093e+03,8.820498638081012359e+02,7.270000000000000000e+02,7.364620200353114114e+02
1.342237061769616102e-01,1.525795007182513473e+03,8.793271241542922780e+02,7.270000000000000000e+02,7.363222036748852588e+02
1.454090150250417490e-01,1.524777924447722853e+03,8.766043845004833202e+02,7.270000000000000000e+02,7.361823873144589925e+02
1.565943238731218601e-01,1.523760841712932461e+03,8.738816448466742486e+02,7.270000000000000000e+02,7.360425709540327261e+02
1.677796327212019989e-01,1.522743758978141841e+03,8.711589051928652907e+02,7.270000000000000000e+02,7.359027545936065735e+02
1.789649415692821377e-01,1.521726676243351221e+03,8.684361655390563328e+02,7.270000000000000000e+02,7.357629382331803072e+02
1.901502504173622765e-01,1.520709593508560829e+03,8.657134258852473749e+02,7.270000000000000000e+02,7.356231218727540409e+02
2.013355592654424153e-01,1.519692510773770209e+03,8.629906862314383034e+02,7.270000000000000000e+02,7.354833055123278882e+02
2.125208681135225264e-01,1.518675428038979589e+03,8.602679465776293455e+02,7.270000000000000000e+02,7.353434891519016219e+02
2.237061769616026652e-01,1.517658345304189197e+03,8.575452069238203876e+02,7.270000000000000000e+02,7.352036727914753556e+02
2.348914858096828040e-01,1.516641262569398577e+03,8.548224672700114297e+02,7.270000000000000000e+02,7.350638564310490892e+02
2.460767946577629428e-01,1.515624179834607958e+03,8.520997276162024718e+02,7.270000000000000000e+02,7.349240400706229366e+02
2.572621035058430539e-01,1.514607097099817565e+03,8.493769879623935140e+02,7.270000000000000000e+02,7.347842237101966703e+02
2.684474123539232204e-01,1.513590014365026946e+03,8.466542483085844424e+02,7.270000000000000000e+02,7.346444073497704039e+02
2.796327212020033315e-01,1.512572931630236326e+03,8.439315086547754845e+02,7.270000000000000000e+02,7.345045909893442513e+02
2.908180300500834981e-01,1.511555848895445934e+03,8.412087690009665266e+02,7.270000000000000000e+02,7.343647746289179850e+02
3.020033388981636091e-01,1.510538766160655314e+03,8.384860293471575687e+02,7.270000000000000000e+02,7.342249582684917186e+02
3.131886477462437202e-01,1.509521683425864921e+03,8.357632896933486109e+02,7.270000000000000000e+02,7.340851419080655660e+02
3.243739565943238867e-01,1.508504600691074302e+03,8.330405500395395393e+02,7.270000000000000000e+02,7.339453255476392997e+02
3.355592654424039978e-01,1.507487517956283682e+03,8.303178103857305814e+02,7.270000000000000000e+02,7.338055091872130333e+02
3.467445742904841643e-01,1.506470435221493290e+03,8.275950707319216235e+02,7.270000000000000000e+02,7.336656928267868807e+02
3.579298831385642754e-01,1.505453352486702670e+03,8.248723310781126656e+02,7.270000000000000000e+02,7.335258764663606144e+02
3.691151919866443865e-01,1.504436269751912050e+03,8.221495914243037078e+02,7.270000000000000000e+02,7.333860601059343480e+02
3.803005008347245530e-01,1.503419187017121658e+03,8.194268517704947499e+02,7.270000000000000000e+02,7.332462437455080817e+02
3.914858096828046641e-01,1.502402104282331038e+03,8.167041121166856783e+02,7.270000000000000000e+02,7.331064273850819291e+02
4.026711185308848306e-01,1.501385021547540418e+03,8.139813724628767204e+02,7.270000000000000000e+02,7.329666110246556627e+02
4.138564273789649417e-01,1.500367938812750026e+03,8.112586328090677625e+02,7.270000000000000000e+02,7.328267946642293964e+02
4.250417362270450528e-01,1.499350856077959406e+03,8.085358931552588047e+02,7.270000000000000000e+02,7.326869783038032438e+02
4.362270450751252193e-01,1.498333773343168787e+03,8.058131535014497331e+02,7.270000000000000000e+02,7.325471619433769774e+02
4.474123539232053304e-01,1.497316690608378394e+03,8.030904138476407752e+02,7.270000000000000000e+02,7.324073455829507111e+02
4.585976627712854969e-01,1.496299607873587775e+03,8.003676741938318173e+02,7.270000000000000000e+02,7.322675292225245585e+02
4.697829716193656080e-01,1.495282525138797155e+03,7.976449345400228594e+02,7.270000000000000000e+02,7.321277128620982921e+02
4.809682804674457191e-01,1.494265442404006762e+03,7.949221948862139016e+02,7.270000000000000000e+02,7.319878965016720258e+02
4.921535893155258856e-01,1.493248359669216143e+03,7.921994552324049437e+02,7.270000000000000000e+02,7.318480801412458732e+02
5.033388981636059967e-01,1.492231276934425523e+03,7.894767155785958721e+02,7.270000000000000000e+02,7.317082637808196068e+02
5.145242070116861077e-01,1.491214194199635131e+03,7.867539759247869142e+02,7.270000000000000000e+02,7.315684474203933405e+02
5.257095158597663298e-01,1.490197111464844511e+03,7.840312362709779563e+02,7.270000000000000000e+02,7.314286310599671879e+02
5.368948247078464409e-01,1.489180028730053891e+03,7.813084966171689985e+02,7.270000000000000000e+02,7.312888146995409215e+02
5.480801335559265519e-01,1.488162945995263499e+03,7.785857569633599269e+02,7.270000000000000000e+02,7.311489983391146552e+02
5.592654424040066630e-01,1.487145863260472879e+03,7.758630173095509690e+02,7.270000000000000000e+02,7.310091819786883889e+02
5.704507512520867740e-01,1.486128780525682259e+03,7.731402776557420111e+02,7.270000000000000000e+02,7.308693656182622362e+02
5.816360601001669961e-01,1.485111697790891867e+03,7.704175380019330532e+02,7.270000000000000000e+02,7.307295492578359699e+02
5.928213689482471072e-01,1.484094615056101247e+03,7.676947983481240954e+02,7.270000000000000000e+02,7.305897328974097036e+02
6.040066777963272182e-01,1.483077532321310628e+03,7.649720586943151375e+02,7.270000000000000000e+02,7.304499165369835509e+02
6.151919866444073293e-01,1.482060449586520235e+03,7.622493190405061796e+02,7.270000000000000000e+02,7.303101001765572846e+02
6.263772954924874403e-01,1.481043366851729616e+03,7.595265793866971080e+02,7.270000000000000000e+02,7.301702838161310183e+02
6.375626043405676624e-01,1.480026284116938996e+03,7.568038397328881501e+02,7.270000000000000000e+02,7.300304674557048656e+02
6.487479131886477735e-01,1.479009201382148603e+03,7.540811000790791923e+02,7.270000000000000000e+02,7.298906510952785993e+02
6.599332220367278845e-01,1.477992118647357984e+03,7.513583604252702344e+02,7.270000000000000000e+02,7.297508347348523330e+02
6.711185308848079956e-01,1.476975035912567364e+03,7.486356207714611628e+02,7.270000000000000000e+02,7.296110183744261803e+02
6.823038397328881066e-01,1.475957953177776972e+03,7.459128811176522049e+02,7.270000000000000000e+02,7.294712020139999140e+02
6.934891485809683287e-01,1.474940870442986352e+03,7.431901414638432470e+02,7.270000000000000000e+02,7.293313856535736477e+02
7.046744574290484397e-01,1.473923787708195732e+03,7.404674018100342892e+02,7.270000000000000000e+02,7.291915692931473814e+02
7.158597662771285508e-01,1.472906704973405340e+03,7.377446621562253313e+02,7.270000000000000000e+02,7.290517529327212287e+02
7.270450751252086619e-01,1.471889622238614720e+03,7.350219225024163734e+02,7.270000000000000000e+02,7.289119365722949624e+02
7.382303839732887729e-01,1.470872539503824100e+03,7.322991828486074155e+02,7.270000000000000000e+02,7.287721202118686961e+02
7.494156928213689950e-01,1.469855456769033708e+03,7.295764431947983439e+02,7.270000000000000000e+02,7.286323038514425434e+02
7.606010016694491060e-01,1.468838374034243088e+03,7.270000000000000000e+02,7.270000000000000000e+02,7.284924874910162771e+02
7.717863105175292171e-01,1.467821291299452469e+03,7.270000000000000000e+02,7.270000000000000000e+02,7.283526711305900108e+02
7.829716193656093282e-01,1.466804208564662076e+03,7.270000000000000000e+02,7.270000000000000000e+02,7.282128547701638581e+02
7.941569282136894392e-01,1.465787125829871457e+03,7.270000000000000000e+02,7.270000000000000000e+02,7.280730384097375918e+02
8.053422370617696613e-01,1.464770043095080837e+03,7.270000000000000000e+02,7.270000000000000000e+02,7.279332220493113255e+02
8.165275459098497723e-01,1.463752960360290444e+03,7.270000000000000000e+02,7.270000000000000000e+02,7.277934056888851728e+02
8.277128547579298834e-01,1.462735877625499825e+03,7.270000000000000000e+02,7.270000000000000000e+02,7.276535893284589065e+02
8.388981636060099945e-01,1.461718794890709432e+03,7.270000000000000000e+02,7.270000000000000000e+02,7.275137729680326402e+02
8.500834724540901055e-01,1.460701712155918813e+03,7.270000000000000000e+02,7.270000000000000000e+02,7.273739566076063738e+02
8.612687813021703276e-01,1.459684629421128193e+03,7.270000000000000000e+02,7.270000000000000000e+02,7.272341402471802212e+02
8.724540901502504386e-01,1.458667546686337573e+03,7.270000000000000000e+02,7.270000000000000000e+02,7.270943238867539549e+02
8.836393989983305497e-01,1.457650463951547181e+03,7.270000000000000000e+02,7.270000000000000000e+02,7.269545075263276885e+02
8.948247078464106607e-01,1.456633381216756561e+03,7.270000000000000000e+02,7.270000000000000000e+02,7.268146911659015359e+02
9.060100166944907718e-01,1.455616298481966169e+03,7.270000000000000000e+02,7.270000000000000000e+02,7.266748748054752696e+02
9.171953255425709939e-01,1.454599215747175549e+03,7.270000000000000000e+02,7.270000000000000000e+02,7.265350584450490032e+02
9.283806343906511049e-01,1.453582133012384929e+03,7.270000000000000000e+02,7.270000000000000000e+02,7.263952420846228506e+02
9.395659432387312160e-01,1.452565050277594537e+03,7.270000000000000000e+02,7.270000000000000000e+02,7.262554257241965843e+02
9.507512520868113270e-01,1.451547967542803917e+03,7.270000000000000000e+02,7.270000000000000000e+02,7.261156093637703179e+02
9.619365609348914381e-01,1.450530884808013298e+03,7.270000000000000000e+02,7.270000000000000000e+02,7.259757930033441653e+02
9.731218697829716602e-01,1.449513802073222905e+03,7.270000000000000000e+02,7.270000000000000000e+02,7.258359766429178990e+02
9.843071786310517712e-01,1.448496719338432285e+03,7.270000000000000000e+02,7.270000000000000000e+02,7.256961602824916326e+02
9.954924874791318823e-01,1.447479636603641666e+03,7.270000000000000000e+02,7.270000000000000000e+02,7.255563439220654800e+02
1.006677796327211993e+00,1.446462553868851273e+03,7.270000000000000000e+02,7.270000000000000000e+02,7.254165275616392137e+02
1.017863105175292215e+00,1.445445471134060654e+03,7.270000000000000000e+02,7.270000000000000000e+02,7.252767112012129473e+02
1.029048414023372215e+00,1.444428388399270034e+03,7.270000000000000000e+02,7.270000000000000000e+02,7.251368948407866810e+02
1.040233722871452438e+00,1.443411305664479642e+03,7.270000000000000000e+02,7.270000000000000000e+02,7.249970784803605284e+02
1.051419031719532660e+00,1.442394222929689022e+03,7.270000000000000000e+02,7.270000000000000000e+02,7.248572621199342620e+02
1.062604340567612660e+00,1.441377140194898402e+03,7.270000000000000000e+02,7.270000000000000000e+02,7.247174457595079957e+02
1.073789649415692882e+00,1.440360057460108010e+03,7.270000000000000000e+02,7.270000000000000000e+02,7.245776293990818431e+02
1.084974958263772882e+00,1.439342974725317390e+03,7.270000000000000000e+02,7.270000000000000000e+02,7.244378130386555767e+02
1.096160267111853104e+00,1.438325891990526770e+03,7.270000000000000000e+02,7.270000000000000000e+02,7.242979966782293104e+02
1.107345575959933326e+00,1.437308809255736378e+03,7.270000000000000000e+02,7.270000000000000000e+02,7.241581803178031578e+02
1.118530884808013326e+00,1.436291726520945758e+03,7.270000000000000000e+02,7.270000000000000000e+02,7.240183639573768914e+02
1.129716193656093548e+00,1.435274643786155139e+03,7.270000000000000000e+02,7.270000000000000000e+02,7.238785475969506251e+02
1.140901502504173548e+00,1.434257561051364746e+03,7.270000000000000000e+02,7.270000000000000000e+02,7.237387312365244725e+02
1.152086811352253770e+00,1.433240478316574126e+03,7.270000000000000000e+02,7.270000000000000000e+02,7.235989148760982062e+02
1.163272120200333992e+00,1.432223395581783507e+03,7.270000000000000000e+02,7.270000000000000000e+02,7.234590985156719398e+02
1.174457429048413992e+00,1.431206312846993114e+03,7.270000000000000000e+02,7.270000000000000000e+02,7.233192821552456735e+02
1.185642737896494214e+00,1.430189230112202495e+03,7.270000000000000000e+02,7.270000000000000000e+02,7.231794657948195209e+02
1.196828046744574214e+00,1.429172147377411875e+03,7.270000000000000000e+02,7.270000000000000000e+02,7.230396494343932545e+02
1.208013355592654436e+00,1.428155064642621483e+03,7.270000000000000000e+02,7.270000000000000000e+02,7.228998330739669882e+02
1.219198664440734658e+00,1.427137981907830863e+03,7.270000000000000000e+02,7.270000000000000000e+02,7.227600167135408356e+02
1.230383973288814659e+00,1.426120899173040243e+03,7.270000000000000000e+02,7.270000000000000000e+02,7.226202003531145692e+02
1.241569282136894881e+00,1.425103816438249851e+03,7.270000000000000000e+02,7.270000000000000000e+02,7.224803839926883029e+02
1.252754590984974881e+00,1.424086733703459231e+03,7.270000000000000000e+02,7.270000000000000000e+02,7.223405676322621503e+02
1.263939899833055103e+00,1.423069650968668611e+03,7.270000000000000000e+02,7.270000000000000000e+02,7.222007512718358839e+02
1.275125208681135325e+00,1.422052568233878219e+03,7.270000000000000000e+02,7.270000000000000000e+02,7.220609349114096176e+02
1.286310517529215325e+00,1.421035485499087599e+03,7.270000000000000000e+02,7.270000000000000000e+02,7.219211185509834650e+02
1.297495826377295547e+00,1.420018402764296980e+03,7.270000000000000000e+02,7.270000000000000000e+02,7.217813021905571986e+02
1.308681135225375547e+00,1.419001320029506587e+03,7.270000000000000000e+02,7.270000000000000000e+02,7.216414858301309323e+02
1.319866444073455769e+00,1.417984237294715967e+03,7.270000000000000000e+02,7.270000000000000000e+02,7.215016694697046660e+02
1.331051752921535991e+00,1.416967154559925348e+03,7.270000000000000000e+02,7.270000000000000000e+02,7.213618531092785133e+02
1.342237061769615991e+00,1.415950071825134955e+03,7.270000000000000000e+02,7.270000000000000000e+02,7.212220367488522470e+02
1.353422370617696213e+00,1.414932989090344336e+03,7.270000000000000000e+02,7.270000000000000000e+02,7.210822203884259807e+02
1.364607679465776213e+00,1.413915906355553943e+03,7.270000000000000000e+02,7.270000000000000000e+02,7.209424040279998280e+02
1.375792988313856435e+00,1.412898823620763324e+03,7.270000000000000000e+02,7.270000000000000000e+02,7.208025876675735617e+02
1.386978297161936657e+00,1.411881740885972704e+03,7.270000000000000000e+02,7.270000000000000000e+02,7.206627713071472954e+02
1.398163606010016657e+00,1.410864658151182084e+03,7.270000000000000000e+02,7.270000000000000000e+02,7.205229549467211427e+02
1.409348914858096879e+00,1.409847575416391692e+03,7.270000000000000000e+02,7.270000000000000000e+02,7.203831385862948764e+02
1.420534223706176880e+00,1.408830492681601072e+03,7.270000000000000000e+02,7.270000000000000000e+02,7.202433222258686101e+02
1.431719532554257102e+00,1.407813409946810680e+03,7.270000000000000000e+02,7.270000000000000000e+02,7.201035058654424574e+02
1.442904841402337324e+00,1.406796327212020060e+03,7.270000000000000000e+02,7.270000000000000000e+02,7.199636895050161911e+02
1.454090150250417324e+00,1.405779244477229440e+03,7.270000000000000000e+02,7.270000000000000000e+02,7.198238731445899248e+02
1.465275459098497546e+00,1.404762161742438821e+03,7.270000000000000000e+02,7.270000000000000000e+02,7.196840567841636584e+02
1.476460767946577546e+00,1.403745079007648428e+03,7.270000000000000000e+02,7.270000000000000000e+02,7.195442404237375058e+02
1.487646076794657768e+00,1.402727996272857808e+03,7.270000000000000000e+02,7.270000000000000000e+02,7.194044240633112395e+02
1.498831385642737990e+00,1.401710913538067416e+03,7.270000000000000000e+02,7.270000000000000000e+02,7.192646077028849732e+02
1.510016694490817990e+00,1.400693830803276796e+03,7.270000000000000000e+02,7.270000000000000000e+02,7.191247913424588205e+02
1.521202003338898212e+00,1.399676748068486177e+03,7.270000000000000000e+02,7.270000000000000000e+02,7.189849749820325542e+02
1.532387312186978212e+00,1.398659665333695784e+03,7.270000000000000000e+02,7.270000000000000000e+02,7.188451586216062879e+02
1.543572621035058434e+00,1.397642582598905165e+03,7.270000000000000000e+02,7.270000000000000000e+02,7.187053422611801352e+02
1.554757929883138656e+00,1.396625499864114545e+03,7.270000000000000000e+02,7.270000000000000000e+02,7.185655259007538689e+02
1.565943238731218656e+00,1.395608417129324152e+03,7.270000000000000000e+02,7.270000000000000000e+02,7.184257095403276026e+02
1.577128547579298878e+00,1.394591334394533533e+03,7.270000000000000000e+02,7.270000000000000000e+02,7.182858931799014499e+02
1.588313856427378878e+00,1.393574251659742913e+03,7.270000000000000000e+02,7.270000000000000000e+02,7.181460768194751836e+02
1.599499165275459100e+00,1.392557168924952521e+03,7.270000000000000000e+02,7.270000000000000000e+02,7.180062604590489173e+02
1.610684474123539323e+00,1.391540086190161901e+03,7.270000000000000000e+02,7.270000000000000000e+02,7.178664440986226509e+02
1.621869782971619323e+00,1.390523003455371281e+03,7.270000000000000000e+02,7.270000000000000000e+02,7.177266277381964983e+02
1.633055091819699545e+00,1.389505920720580889e+03,7.270000000000000000e+02,7.270000000000000000e+02,7.175868113777702320e+02
1.644240400667779545e+00,1.388488837985790269e+03,7.270000000000000000e+02,7.270000000000000000e+02,7.174469950173439656e+02
1.655425709515859767e+00,1.387471755250999649e+03,7.270000000000000000e+02,7.270000000000000000e+02,7.173071786569178130e+02
1.666611018363939989e+00,1.386454672516209257e+03,7.270000000000000000e+02,7.270000000000000000e+02,7.171673622964915467e+02
1.677796327212019989e+00,1.385437589781418637e+03,7.270000000000000000e+02,7.270000000000000000e+02,7.170275459360652803e+02
1.688981636060100211e+00,1.384420507046628018e+03,7.270000000000000000e+02,7.270000000000000000e+02,7.168877295756391277e+02
1.700166944908180211e+00,1.383403424311837625e+03,7.270000000000000000e+02,7.270000000000000000e+02,7.167479132152128614e+02
1.711352253756260433e+00,1.382386341577047006e+03,7.270000000000000000e+02,7.270000000000000000e+02,7.166080968547865950e+02
1.722537562604340655e+00,1.381369258842256386e+03,7.270000000000000000e+02,7.270000000000000000e+02,7.164682804943604424e+02
1.733722871452420655e+00,1.380352176107465993e+03,7.270000000000000000e+02,7.270000000000000000e+02,7.163284641339341761e+02
1.744908180300500877e+00,1.379335093372675374e+03,7.270000000000000000e+02,7.270000000000000000e+02,7.161886477735079097e+02
1.756093489148580877e+00,1.378318010637884754e+03,7.270000000000000000e+02,7.270000000000000000e+02,7.160488314130816434e+02
1.767278797996661099e+00,1.377300927903094362e+03,7.270000000000000000e+02,7.270000000000000000e+02,7.159090150526554908e+02
1.778464106844741321e+00,1.376283845168303742e+03,7.270000000000000000e+02,7.270000000000000000e+02,7.157691986922292244e+02
1.789649415692821321e+00,1.375266762433513122e+03,7.270000000000000000e+02,7.270000000000000000e+02,7.156293823318029581e+02
1.800834724540901544e+00,1.374249679698722730e+03,7.270000000000000000e+02,7.270000000000000000e+02,7.154895659713768055e+02
1.812020033388981544e+00,1.373232596963932110e+03,7.270000000000000000e+02,7.270000000000000000e+02,7.153497496109505391e+02
1.823205342237061766e+00,1.372215514229141718e+03,7.270000000000000000e+02,7.270000000000000000e+02,7.152099332505242728e+02
1.834390651085141988e+00,1.371198431494351098e+03,7.270000000000000000e+02,7.270000000000000000e+02,7.150701168900981202e+02
1.845575959933221988e+00,1.370181348759560478e+03,7.270000000000000000e+02,7.270000000000000000e+02,7.149303005296718538e+02
1.856761268781302210e+00,1.369164266024769859e+03,7.270000000000000000e+02,7.270000000000000000e+02,7.147904841692455875e+02
1.867946577629382210e+00,1.368147183289979466e+03,7.270000000000000000e+02,7.270000000000000000e+02,7.146506678088194349e+02
1.879131886477462432e+00,1.367130100555188847e+03,7.270000000000000000e+02,7.270000000000000000e+02,7.145108514483931685e+02
1.890317195325542654e+00,1.366113017820398454e+03,7.270000000000000000e+02,7.270000000000000000e+02,7.143710350879669022e+02
1.901502504173622654e+00,1.365095935085607834e+03,7.270000000000000000e+02,7.270000000000000000e+02,7.142312187275406359e+02
1.912687813021702876e+00,1.364078852350817215e+03,7.270000000000000000e+02,7.270000000000000000e+02,7.140914023671144832e+02
1.923873121869782876e+00,1.363061769616026595e+03,7.270000000000000000e+02,7.270000000000000000e+02,7.139515860066882169e+02
1.935058430717863098e+00,1.362044686881236203e+03,7.270000000000000000e+02,7.270000000000000000e+02,7.138117696462619506e+02
1.946243739565943320e+00,1.361027604146445583e+03,7.270000000000000000e+02,7.270000000000000000e+02,7.136719532858357979e+02
1.957429048414023320e+00,1.360010521411655191e+03,7.270000000000000000e+02,7.270000000000000000e+02,7.135321369254095316e+02
1.968614357262103542e+00,1.358993438676864571e+03,7.270000000000000000e+02,7.270000000000000000e+02,7.133923205649832653e+02
1.979799666110183543e+00,1.357976355942073951e+03,7.270000000000000000e+02,7.270000000000000000e+02,7.132525042045571126e+02
1.990984974958263765e+00,1.356959273207283331e+03,7.270000000000000000e+02,7.270000000000000000e+02,7.131126878441308463e+02
2.002170283806343765e+00,1.355942190472492939e+03,7.270000000000000000e+02,7.270000000000000000e+02,7.129728714837045800e+02
2.013355592654423987e+00,1.354925107737702319e+03,7.270000000000000000e+02,7.270000000000000000e+02,7.128330551232784273e+02
2.024540901502504209e+00,1.353908025002911927e+03,7.270000000000000000e+02,7.270000000000000000e+02,7.126932387628521610e+02
2.035726210350584431e+00,1.352890942268121307e+03,7.270000000000000000e+02,7.270000000000000000e+02,7.125534224024258947e+02
2.046911519198664653e+00,1.351873859533330688e+03,7.270000000000000000e+02,7.270000000000000000e+02,7.124136060419996284e+02
2.058096828046744431e+00,1.350856776798540295e+03,7.270000000000000000e+02,7.270000000000000000e+02,7.122737896815734757e+02
2.069282136894824653e+00,1.349839694063749675e+03,7.270000000000000000e+02,7.270000000000000000e+02,7.121339733211472094e+02
2.080467445742904875e+00,1.348822611328959056e+03,7.270000000000000000e+02,7.270000000000000000e+02,7.119941569607209431e+02
2.091652754590985097e+00,1.347805528594168663e+03,7.270000000000000000e+02,7.270000000000000000e+02,7.118543406002947904e+02
2.102838063439065319e+00,1.346788445859378044e+03,7.270000000000000000e+02,7.270000000000000000e+02,7.117145242398685241e+02
2.114023372287145097e+00,1.345771363124587424e+03,7.270000000000000000e+02,7.270000000000000000e+02,7.115747078794422578e+02
2.125208681135225319e+00,1.344754280389797032e+03,7.270000000000000000e+02,7.270000000000000000e+02,7.114348915190161051e+02
2.136393989983305541e+00,1.343737197655006412e+03,7.270000000000000000e+02,7.270000000000000000e+02,7.112950751585898388e+02
2.147579298831385763e+00,1.342720114920215792e+03,7.270000000000000000e+02,7.270000000000000000e+02,7.111552587981635725e+02
2.158764607679465986e+00,1.341703032185425400e+03,7.270000000000000000e+02,7.270000000000000000e+02,7.110154424377374198e+02
2.169949916527545764e+00,1.340685949450634780e+03,7.270000000000000000e+02,7.270000000000000000e+02,7.108756260773111535e+02
2.181135225375625986e+00,1.339668866715844160e+03,7.270000000000000000e+02,7.270000000000000000e+02,7.107358097168848872e+02
2.192320534223706208e+00,1.338651783981053768e+03,7.270000000000000000e+02,7.270000000000000000e+02,7.105959933564587345e+02
2.203505843071786430e+00,1.337634701246263148e+03,7.270000000000000000e+02,7.270000000000000000e+02,7.104561769960324682e+02
2.214691151919866652e+00,1.336617618511472529e+03,7.270000000000000000e+02,7.270000000000000000e+02,7.103163606356062019e+02
2.225876460767946430e+00,1.335600535776682136e+03,7.270000000000000000e+02,7.270000000000000000e+02,7.101765442751799355e+02
2.237061769616026652e+00,1.334583453041891516e+03,7.270000000000000000e+02,7.270000000000000000e+02,7.100367279147537829e+02
2.248247078464106874e+00,1.333566370307100897e+03,7.270000000000000000e+02,7.270000000000000000e+02,7.098969115543275166e+02
2.259432387312187096e+00,1.332549287572310504e+03,7.270000000000000000e+02,7.270000000000000000e+02,7.097570951939012502e+02
2.270617696160267318e+00,1.331532204837519885e+03,7.270000000000000000e+02,7.270000000000000000e+02,7.096172788334750976e+02
2.281803005008347096e+00,1.330515122102729492e+03,7.270000000000000000e+02,7.270000000000000000e+02,7.094774624730488313e+02
2.292988313856427318e+00,1.329498039367938873e+03,7.270000000000000000e+02,7.270000000000000000e+02,7.093376461126225649e+02
2.304173622704507540e+00,1.328480956633148253e+03,7.270000000000000000e+02,7.270000000000000000e+02,7.091978297521964123e+02
2.315358931552587762e+00,1.327463873898357633e+03,7.270000000000000000e+02,7.270000000000000000e+02,7.090580133917701460e+02
2.326544240400667984e+00,1.326446791163567241e+03,7.270000000000000000e+02,7.270000000000000000e+02,7.089181970313438796e+02
2.337729549248747762e+00,1.325429708428776621e+03,7.270000000000000000e+02,7.270000000000000000e+02,7.087783806709177270e+02
2.348914858096827984e+00,1.324412625693986229e+03,7.270000000000000000e+02,7.270000000000000000e+02,7.086385643104914607e+02
2.360100166944908207e+00,1.323395542959195609e+03,7.270000000000000000e+02,7.270000000000000000e+02,7.084987479500651943e+02
2.371285475792988429e+00,1.322378460224404989e+03,7.270000000000000000e+02,7.270000000000000000e+02,7.083589315896389280e+02
2.382470784641068651e+00,1.321361377489614370e+03,7.270000000000000000e+02,7.270000000000000000e+02,7.082191152292127754e+02
2.393656093489148429e+00,1.320344294754823977e+03,7.270000000000000000e+02,7.270000000000000000e+02,7.080792988687865090e+02
2.404841402337228651e+00,1.319327212020033357e+03,7.270000000000000000e+02,7.270000000000000000e+02,7.079394825083602427e+02
2.416026711185308873e+00,1.318310129285242965e+03,7.270000000000000000e+02,7.270000000000000000e+02,7.077996661479340901e+02
2.427212020033389095e+00,1.317293046550452345e+03,7.270000000000000000e+02,7.270000000000000000e+02,7.076598497875078237e+02
2.438397328881469317e+00,1.316275963815661726e+03,7.270000000000000000e+02,7.270000000000000000e+02,7.075200334270815574e+02
2.449582637729549095e+00,1.315258881080871106e+03,7.270000000000000000e+02,7.270000000000000000e+02,7.073802170666554048e+02
2.460767946577629317e+00,1.314241798346080714e+03,7.270000000000000000e+02,7.270000000000000000e+02,7.072404007062291384e+02
2.471953255425709539e+00,1.313224715611290094e+03,7.270000000000000000e+02,7.270000000000000000e+02,7.071005843458028721e+02
2.483138564273789761e+00,1.312207632876499702e+03,7.270000000000000000e+02,7.270000000000000000e+02,7.069607679853767195e+02
2.494323873121869983e+00,1.311190550141709082e+03,7.270000000000000000e+02,7.270000000000000000e+02,7.068209516249504532e+02
2.505509181969949761e+00,1.310173467406918462e+03,7.270000000000000000e+02,7.270000000000000000e+02,7.066811352645241868e+02
2.516694490818029983e+00,1.309156384672127842e+03,7.270000000000000000e+02,7.270000000000000000e+02,7.065413189040980342e+02
2.527879799666110205e+00,1.308139301937337450e+03,7.270000000000000000e+02,7.270000000000000000e+02,7.064015025436717679e+02
2.539065108514190428e+00,1.307122219202546830e+03,7.270000000000000000e+02,7.270000000000000000e+02,7.062616861832455015e+02
2.550250417362270650e+00,1.306105136467756438e+03,7.270000000000000000e+02,7.270000000000000000e+02,7.061218698228192352e+02
2.561435726210350428e+00,1.305088053732965818e+03,7.270000000000000000e+02,7.270000000000000000e+02,7.059820534623930826e+02
2.572621035058430650e+00,1.304070970998175198e+03,7.270000000000000000e+02,7.270000000000000000e+02,7.058422371019668162e+02
2.583806343906510872e+00,1.303053888263384579e+03,7.270000000000000000e+02,7.270000000000000000e+02,7.057024207415405499e+02
2.594991652754591094e+00,1.302036805528594186e+03,7.270000000000000000e+02,7.270000000000000000e+02,7.055626043811143973e+02
2.606176961602671316e+00,1.301019722793803567e+03,7.270000000000000000e+02,7.270000000000000000e+02,7.054227880206881309e+02
2.617362270450751094e+00,1.300002640059013174e+03,7.270000000000000000e+02,7.270000000000000000e+02,7.052829716602618646e+02
2.628547579298831316e+00,1.298985557324222555e+03,7.270000000000000000e+02,7.270000000000000000e+02,7.051431552998357120e+02
2.639732888146911538e+00,1.297968474589431935e+03,7.270000000000000000e+02,7.270000000000000000e+02,7.050033389394094456e+02
2.650918196994991760e+00,1.296951391854641315e+03,7.270000000000000000e+02,7.270000000000000000e+02,7.048635225789831793e+02
2.662103505843071982e+00,1.295934309119850923e+03,7.270000000000000000e+02,7.270000000000000000e+02,7.047237062185570267e+02
2.673288814691151760e+00,1.294917226385060303e+03,7.270000000000000000e+02,7.270000000000000000e+02,7.045838898581307603e+02
2.684474123539231982e+00,1.293900143650269911e+03,7.270000000000000000e+02,7.270000000000000000e+02,7.044440734977044940e+02
2.695659432387312204e+00,1.292883060915479291e+03,7.270000000000000000e+02,7.270000000000000000e+02,7.043042571372782277e+02
2.706844741235392426e+00,1.291865978180688671e+03,7.270000000000000000e+02,7.270000000000000000e+02,7.041644407768520750e+02
2.718030050083472648e+00,1.290848895445898279e+03,7.270000000000000000e+02,7.270000000000000000e+02,7.040246244164258087e+02
2.729215358931552426e+00,1.289831812711107659e+03,7.270000000000000000e+02,7.270000000000000000e+02,7.038848080559995424e+02
2.740400667779632649e+00,1.288814729976317039e+03,7.270000000000000000e+02,7.270000000000000000e+02,7.037449916955733897e+02
2.751585976627712871e+00,1.287797647241526647e+03,7.270000000000000000e+02,7.270000000000000000e+02,7.036051753351471234e+02
2.762771285475793093e+00,1.286780564506736027e+03,7.270000000000000000e+02,7.270000000000000000e+02,7.034653589747208571e+02
2.773956594323873315e+00,1.285763481771945408e+03,7.270000000000000000e+02,7.270000000000000000e+02,7.033255426142947044e+02
2.785141903171953093e+00,1.284746399037155015e+03,7.270000000000000000e+02,7.270000000000000000e+02,7.031857262538684381e+02
2.796327212020033315e+00,1.283729316302364396e+03,7.270000000000000000e+02,7.270000000000000000e+02,7.030459098934421718e+02
2.807512520868113537e+00,1.282712233567573776e+03,7.270000000000000000e+02,7.270000000000000000e+02,7.029060935330160191e+02
2.818697829716193759e+00,1.281695150832783384e+03,7.270000000000000000e+02,7.270000000000000000e+02,7.027662771725897528e+02
2.829883138564273981e+00,1.280678068097992764e+03,7.270000000000000000e+02,7.270000000000000000e+02,7.026264608121634865e+02
2.841068447412353759e+00,1.279660985363202144e+03,7.270000000000000000e+02,7.270000000000000000e+02,7.024866444517372202e+02
2.852253756260433981e+00,1.278643902628411752e+03,7.270000000000000000e+02,7.270000000000000000e+02,7.023468280913110675e+02
2.863439065108514203e+00,1.277626819893621132e+03,7.270000000000000000e+02,7.270000000000000000e+02,7.022070117308848012e+02
2.874624373956594425e+00,1.276609737158830512e+03,7.270000000000000000e+02,7.270000000000000000e+02,7.020671953704585349e+02
2.885809682804674647e+00,1.275592654424040120e+03,7.270000000000000000e+02,7.270000000000000000e+02,7.019273790100323822e+02
2.896994991652754425e+00,1.274575571689249500e+03,7.270000000000000000e+02,7.270000000000000000e+02,7.017875626496061159e+02
2.908180300500834647e+00,1.273558488954458880e+03,7.270000000000000000e+02,7.270000000000000000e+02,7.016477462891798496e+02
2.919365609348914870e+00,1.272541406219668488e+03,7.270000000000000000e+02,7.270000000000000000e+02,7.015079299287536969e+02
2.930550918196995092e+00,1.271524323484877868e+03,7.270000000000000000e+02,7.270000000000000000e+02,7.013681135683274306e+02
2.941736227045075314e+00,1.270507240750087249e+03,7.270000000000000000e+02,7.270000000000000000e+02,7.012282972079011643e+02
2.952921535893155092e+00,1.269490158015296856e+03,7.270000000000000000e+02,7.270000000000000000e+02,7.010884808474750116e+02
2.964106844741235314e+00,1.268473075280506237e+03,7.270000000000000000e+02,7.270000000000000000e+02,7.009486644870487453e+02
2.975292153589315536e+00,1.267455992545715617e+03,7.270000000000000000e+02,7.270000000000000000e+02,7.008088481266224790e+02
2.986477462437395758e+00,1.266438909810925225e+03,7.270000000000000000e+02,7.270000000000000000e+02,7.006690317661962126e+02
2.997662771285475980e+00,1.265421827076134605e+03,7.270000000000000000e+02,7.270000000000000000e+02,7.005292154057700600e+02
3.008848080133555758e+00,1.264404744341344212e+03,7.270000000000000000e+02,7.270000000000000000e+02,7.003893990453437937e+02
3.020033388981635980e+00,1.263387661606553593e+03,7.270000000000000000e+02,7.270000000000000000e+02,7.002495826849175273e+02
3.031218697829716202e+00,1.262370578871762973e+03,7.270000000000000000e+02,7.270000000000000000e+02,7.001097663244913747e+02
3.042404006677796424e+00,1.261353496136972353e+03,7.270000000000000000e+02,7.270000000000000000e+02,6.999699499640651084e+02
3.053589315525876646e+00,1.260336413402181961e+03,7.270000000000000000e+02,7.270000000000000000e+02,6.998301336036388420e+02
3.064774624373956424e+00,1.259319330667391341e+03,7.270000000000000000e+02,7.270000000000000000e+02,6.996903172432126894e+02
3.075959933222036646e+00,1.258302247932600949e+03,7.270000000000000000e+02,7.270000000000000000e+02,6.995505008827864231e+02
3.087145242070116868e+00,1.257285165197810329e+03,7.270000000000000000e+02,7.270000000000000000e+02,6.994106845223601567e+02
3.098330550918197090e+00,1.256268082463019709e+03,7.270000000000000000e+02,7.270000000000000000e+02,6.992708681619340041e+02
3.109515859766277313e+00,1.255250999728229090e+03,7.270000000000000000e+02,7.270000000000000000e+02,6.991310518015077378e+02
3.120701168614357091e+00,1.254233916993438697e+03,7.270000000000000000e+02,7.270000000000000000e+02,6.989912354410814714e+02
3.131886477462437313e+00,1.253216834258648078e+03,7.270000000000000000e+02,7.270000000000000000e+02,6.988514190806552051e+02
3.143071786310517535e+00,1.252199751523857685e+03,7.270000000000000000e+02,7.270000000000000000e+02,6.987116027202290525e+02
3.154257095158597757e+00,1.251182668789067066e+03,7.270000000000000000e+02,7.270000000000000000e+02,6.985717863598027861e+02
3.165442404006677979e+00,1.250165586054276446e+03,7.270000000000000000e+02,7.270000000000000000e+02,6.984319699993765198e+02
3.176627712854757757e+00,1.249148503319486053e+03,7.270000000000000000e+02,7.270000000000000000e+02,6.982921536389503672e+02
3.187813021702837979e+00,1.248131420584695434e+03,7.270000000000000000e+02,7.270000000000000000e+02,6.981523372785241008e+02
3.198998330550918201e+00,1.247114337849904814e+03,7.270000000000000000e+02,7.270000000000000000e+02,6.980125209180978345e+02
3.210183639398998423e+00,1.246097255115114422e+03,7.270000000000000000e+02,7.270000000000000000e+02,6.978727045576716819e+02
3.221368948247078645e+00,1.245080172380323802e+03,7.270000000000000000e+02,7.270000000000000000e+02,6.977328881972454155e+02
3.232554257095158423e+00,1.244063089645533182e+03,7.270000000000000000e+02,7.270000000000000000e+02,6.975930718368191492e+02
3.243739565943238645e+00,1.243046006910742790e+03,7.270000000000000000e+02,7.270000000000000000e+02,6.974532554763929966e+02
3.254924874791318867e+00,1.242028924175952170e+03,7.270000000000000000e+02,7.270000000000000000e+02,6.973134391159667302e+02
3.266110183639399089e+00,1.241011841441161550e+03,7.270000000000000000e+02,7.270000000000000000e+02,6.971736227555404639e+02
3.277295492487479311e+00,1.239994758706371158e+03,7.270000000000000000e+02,7.270000000000000000e+02,6.970338063951141976e+02
3.288480801335559089e+00,1.238977675971580538e+03,7.270000000000000000e+02,7.270000000000000000e+02,6.968939900346880449e+02
3.299666110183639312e+00,1.237960593236789919e+03,7.270000000000000000e+02,7.270000000000000000e+02,6.967541736742617786e+02
3.310851419031719534e+00,1.236943510501999526e+03,7.270000000000000000e+02,7.270000000000000000e+02,6.966143573138355123e+02
3.322036727879799756e+00,1.235926427767208907e+03,7.270000000000000000e+02,7.270000000000000000e+02,6.964745409534093596e+02
3.333222036727879978e+00,1.234909345032418287e+03,7.270000000000000000e+02,7.270000000000000000e+02,6.963347245929830933e+02
3.344407345575959756e+00,1.233892262297627894e+03,7.270000000000000000e+02,7.270000000000000000e+02,6.961949082325568270e+02
3.355592654424039978e+00,1.232875179562837275e+03,7.270000000000000000e+02,7.270000000000000000e+02,6.960550918721306743e+02
3.366777963272120200e+00,1.231858096828046655e+03,7.270000000000000000e+02,7.270000000000000000e+02,6.959152755117044080e+02
3.377963272120200422e+00,1.230841014093256263e+03,7.270000000000000000e+02,7.270000000000000000e+02,6.957754591512781417e+02
3.389148580968280644e+00,1.229823931358465643e+03,7.270000000000000000e+02,7.270000000000000000e+02,6.956356427908519890e+02
3.400333889816360422e+00,1.228806848623675251e+03,7.270000000000000000e+02,7.270000000000000000e+02,6.954958264304257227e+02
3.411519198664440644e+00,1.227789765888884631e+03,7.270000000000000000e+02,7.270000000000000000e+02,6.953560100699994564e+02
3.422704507512520866e+00,1.226772683154094011e+03,7.270000000000000000e+02,7.270000000000000000e+02,6.952161937095731901e+02
3.433889816360601088e+00,1.225755600419303391e+03,7.270000000000000000e+02,7.270000000000000000e+02,6.950763773491470374e+02
3.445075125208681310e+00,1.224738517684512999e+03,7.270000000000000000e+02,7.270000000000000000e+02,6.949365609887207711e+02
3.456260434056761088e+00,1.223721434949722379e+03,7.270000000000000000e+02,7.270000000000000000e+02,6.947967446282946185e+02
3.467445742904841310e+00,1.222704352214931987e+03,7.270000000000000000e+02,7.270000000000000000e+02,6.946569282678683521e+02
3.478631051752921532e+00,1.221687269480141367e+03,7.270000000000000000e+02,7.270000000000000000e+02,6.945171119074420858e+02
3.489816360601001755e+00,1.220670186745350748e+03,7.270000000000000000e+02,7.270000000000000000e+02,6.943772955470158195e+02
3.501001669449081977e+00,1.219653104010560128e+03,7.270000000000000000e+02,7.270000000000000000e+02,6.942374791865896668e+02
3.512186978297161755e+00,1.218636021275769735e+03,7.270000000000000000e+02,7.270000000000000000e+02,6.940976628261634005e+02
3.523372287145241977e+00,1.217618938540979116e+03,7.270000000000000000e+02,7.270000000000000000e+02,6.939578464657371342e+02
3.534557595993322199e+00,1.216601855806188723e+03,7.270000000000000000e+02,7.270000000000000000e+02,6.938180301053109815e+02
3.545742904841402421e+00,1.215584773071398104e+03,7.270000000000000000e+02,7.270000000000000000e+02,6.936782137448847152e+02
3.556928213689482643e+00,1.214567690336607484e+03,7.270000000000000000e+02,7.270000000000000000e+02,6.935383973844584489e+02
3.568113522537562421e+00,1.213550607601816864e+03,7.270000000000000000e+02,7.270000000000000000e+02,6.933985810240321825e+02
3.579298831385642643e+00,1.212533524867026472e+03,7.270000000000000000e+02,7.270000000000000000e+02,6.932587646636060299e+02
3.590484140233722865e+00,1.211516442132235852e+03,7.270000000000000000e+02,7.270000000000000000e+02,6.931189483031797636e+02
3.601669449081803087e+00,1.210499359397445460e+03,7.270000000000000000e+02,7.270000000000000000e+02,6.929791319427534972e+02
3.612854757929883309e+00,1.209482276662654840e+03,7.270000000000000000e+02,7.270000000000000000e+02,6.928393155823273446e+02
3.624040066777963087e+00,1.208465193927864220e+03,7.270000000000000000e+02,7.270000000000000000e+02,6.926994992219010783e+02
3.635225375626043309e+00,1.207448111193073601e+03,7.270000000000000000e+02,7.270000000000000000e+02,6.925596828614748119e+02
3.646410684474123531e+00,1.206431028458283208e+03,7.270000000000000000e+02,7.270000000000000000e+02,6.924198665010486593e+02
3.657595993322203753e+00,1.205413945723492589e+03,7.270000000000000000e+02,7.270000000000000000e+02,6.922800501406223930e+02
3.668781302170283976e+00,1.204396862988702196e+03,7.270000000000000000e+02,7.270000000000000000e+02,6.921402337801961266e+02
3.679966611018363754e+00,1.203379780253911576e+03,7.270000000000000000e+02,7.270000000000000000e+02,6.920004174197699740e+02
3.691151919866443976e+00,1.202362697519120957e+03,7.270000000000000000e+02,7.270000000000000000e+02,6.918606010593437077e+02
3.702337228714524198e+00,1.201345614784330337e+03,7.270000000000000000e+02,7.270000000000000000e+02,6.917207846989174413e+02
3.713522537562604420e+00,1.200328532049539945e+03,7.270000000000000000e+02,7.270000000000000000e+02,6.915809683384912887e+02
3.724707846410684642e+00,1.199311449314749325e+03,7.270000000000000000e+02,7.270000000000000000e+02,6.914411519780650224e+02
3.735893155258764420e+00,1.198294366579958933e+03,7.270000000000000000e+02,7.270000000000000000e+02,6.913013356176387560e+02
3.747078464106844642e+00,1.197277283845168313e+03,7.270000000000000000e+02,7.270000000000000000e+02,6.911615192572124897e+02
3.758263772954924864e+00,1.196260201110377693e+03,7.270000000000000000e+02,7.270000000000000000e+02,6.910217028967863371e+02
3.769449081803005086e+00,1.195243118375587073e+03,7.270000000000000000e+02,7.270000000000000000e+02,6.908818865363600707e+02
3.780634390651085308e+00,1.194226035640796681e+03,7.270000000000000000e+02,7.270000000000000000e+02,6.907420701759338044e+02
3.791819699499165086e+00,1.193208952906006061e+03,7.270000000000000000e+02,7.270000000000000000e+02,6.906022538155076518e+02
3.803005008347245308e+00,1.192191870171215669e+03,7.270000000000000000e+02,7.270000000000000000e+02,6.904624374550813855e+02
3.814190317195325530e+00,1.191174787436425049e+03,7.270000000000000000e+02,7.270000000000000000e+02,6.903226210946551191e+02
3.825375626043405752e+00,1.190157704701634430e+03,7.270000000000000000e+02,7.270000000000000000e+02,6.901828047342289665e+02
3.836560934891485974e+00,1.189140621966843810e+03,7.270000000000000000e+02,7.270000000000000000e+02,6.900429883738027002e+02
3.847746243739565752e+00,1.188123539232053417e+03,7.270000000000000000e+02,7.270000000000000000e+02,6.899031720133764338e+02
3.858931552587645974e+00,1.187106456497262798e+03,7.270000000000000000e+02,7.270000000000000000e+02,6.897633556529502812e+02
3.870116861435726197e+00,1.186089373762472405e+03,7.270000000000000000e+02,7.270000000000000000e+02,6.896235392925240149e+02
3.881302170283806419e+00,1.185072291027681786e+03,7.270000000000000000e+02,7.270000000000000000e+02,6.894837229320977485e+02
3.892487479131886641e+00,1.184055208292891166e+03,7.270000000000000000e+02,7.270000000000000000e+02,6.893439065716714822e+02
3.903672787979966419e+00,1.183038125558100774e+03,7.270000000000000000e+02,7.270000000000000000e+02,6.892040902112453296e+02
3.914858096828046641e+00,1.182021042823310154e+03,7.270000000000000000e+02,7.270000000000000000e+02,6.890642738508190632e+02
3.926043405676126863e+00,1.181003960088519761e+03,7.270000000000000000e+02,7.270000000000000000e+02,6.889244574903927969e+02
3.937228714524207085e+00,1.179986877353729142e+03,7.270000000000000000e+02,7.270000000000000000e+02,6.887846411299666443e+02
3.948414023372287307e+00,1.178969794618938522e+03,7.270000000000000000e+02,7.270000000000000000e+02,6.886448247695403779e+02
3.959599332220367085e+00,1.177952711884147902e+03,7.270000000000000000e+02,7.270000000000000000e+02,6.885050084091141116e+02
3.970784641068447307e+00,1.176935629149357510e+03,7.270000000000000000e+02,7.270000000000000000e+02,6.883651920486879590e+02
3.981969949916527529e+00,1.175918546414566890e+03,7.270000000000000000e+02,7.270000000000000000e+02,6.882253756882616926e+02
3.993155258764607751e+00,1.174901463679776498e+03,7.270000000000000000e+02,7.270000000000000000e+02,6.880855593278354263e+02
4.004340567612687529e+00,1.173884380944985878e+03,7.270000000000000000e+02,7.270000000000000000e+02,6.879457429674092737e+02
4.015525876460768195e+00,1.172867298210195258e+03,7.270000000000000000e+02,7.270000000000000000e+02,6.878059266069830073e+02
4.026711185308847973e+00,1.171850215475404639e+03,7.270000000000000000e+02,7.270000000000000000e+02,6.876661102465567410e+02
4.037896494156928640e+00,1.170833132740614019e+03,7.270000000000000000e+02,7.270000000000000000e+02,6.875262938861305884e+02
4.049081803005008418e+00,1.169816050005823627e+03,7.270000000000000000e+02,7.270000000000000000e+02,6.873864775257043220e+02
4.060267111853088196e+00,1.168798967271033234e+03,7.270000000000000000e+02,7.270000000000000000e+02,6.872466611652780557e+02
4.071452420701168862e+00,1.167781884536242615e+03,7.270000000000000000e+02,7.270000000000000000e+02,6.871068448048517894e+02
4.082637729549248640e+00,1.166764801801451995e+03,7.270000000000000000e+02,7.270000000000000000e+02,6.869670284444256367e+02
4.093823038397329306e+00,1.165747719066661375e+03,7.270000000000000000e+02,7.270000000000000000e+02,6.868272120839993704e+02
4.105008347245409084e+00,1.164730636331870983e+03,7.270000000000000000e+02,7.270000000000000000e+02,6.866873957235731041e+02
4.116193656093488862e+00,1.163713553597080363e+03,7.270000000000000000e+02,7.270000000000000000e+02,6.865475793631469514e+02
4.127378964941569528e+00,1.162696470862289971e+03,7.270000000000000000e+02,7.270000000000000000e+02,6.864077630027206851e+02
4.138564273789649306e+00,1.161679388127499351e+03,7.270000000000000000e+02,7.270000000000000000e+02,6.862679466422944188e+02
4.149749582637729972e+00,1.160662305392708731e+03,7.270000000000000000e+02,7.270000000000000000e+02,6.861281302818681525e+02
4.160934891485809750e+00,1.159645222657918112e+03,7.270000000000000000e+02,7.270000000000000000e+02,6.859883139214419998e+02
4.172120200333889528e+00,1.158628139923127719e+03,7.270000000000000000e+02,7.270000000000000000e+02,6.858484975610157335e+02
4.183305509181970194e+00,1.157611057188337099e+03,7.270000000000000000e+02,7.270000000000000000e+02,6.857086812005895808e+02
4.194490818030049972e+00,1.156593974453546707e+03,7.270000000000000000e+02,7.270000000000000000e+02,6.855688648401633145e+02
4.205676126878130638e+00,1.155576891718756087e+03,7.270000000000000000e+02,7.270000000000000000e+02,6.854290484797370482e+02
4.216861435726210416e+00,1.154559808983965468e+03,7.270000000000000000e+02,7.270000000000000000e+02,6.852892321193107819e+02
4.228046744574290194e+00,1.153542726249175075e+03,7.270000000000000000e+02,7.270000000000000000e+02,6.851494157588846292e+02
4.239232053422370861e+00,1.152525643514384456e+03,7.270000000000000000e+02,7.270000000000000000e+02,6.850095993984583629e+02
4.250417362270450639e+00,1.151508560779593836e+03,7.270000000000000000e+02,7.270000000000000000e+02,6.848697830380320966e+02
4.261602671118531305e+00,1.150491478044803443e+03,7.270000000000000000e+02,7.270000000000000000e+02,6.847299666776059439e+02
4.272787979966611083e+00,1.149474395310012824e+03,7.270000000000000000e+02,7.270000000000000000e+02,6.845901503171796776e+02
4.283973288814690861e+00,1.148457312575222204e+03,7.270000000000000000e+02,7.270000000000000000e+02,6.844503339567534113e+02
4.295158597662771527e+00,1.147440229840431584e+03,7.270000000000000000e+02,7.270000000000000000e+02,6.843105175963272586e+02
4.306343906510851305e+00,1.147457289927657257e+03,7.270000000000000000e+02,7.270000000000000000e+02,6.841707012359009923e+02
4.317529215358931971e+00,1.148263564273789598e+03,7.270000000000000000e+02,7.270000000000000000e+02,6.840308848754747260e+02
4.328714524207011749e+00,1.149069838619922166e+03,7.270000000000000000e+02,7.270000000000000000e+02,6.838910685150485733e+02
4.339899833055091527e+00,1.149876112966054507e+03,7.270000000000000000e+02,7.270000000000000000e+02,6.837512521546223070e+02
4.351085141903172193e+00,1.150682387312187075e+03,7.270000000000000000e+02,7.270000000000000000e+02,6.836114357941960407e+02
4.362270450751251971e+00,1.151488661658319415e+03,7.270000000000000000e+02,7.270000000000000000e+02,6.834716194337697743e+02
4.373455759599332637e+00,1.152294936004451984e+03,7.270000000000000000e+02,7.270000000000000000e+02,6.833318030733436217e+02
4.384641068447412415e+00,1.153101210350584324e+03,7.270000000000000000e+02,7.270000000000000000e+02,6.831919867129173554e+02
4.395826377295492193e+00,1.153907484696716665e+03,7.270000000000000000e+02,7.270000000000000000e+02,6.830521703524910890e+02
4.407011686143572859e+00,1.154713759042849233e+03,7.270000000000000000e+02,7.270000000000000000e+02,6.829123539920649364e+02
4.418196994991652637e+00,1.155520033388981574e+03,7.270000000000000000e+02,7.270000000000000000e+02,6.827725376316386701e+02
4.429382303839733304e+00,1.156326307735114142e+03,7.270000000000000000e+02,7.270000000000000000e+02,6.826327212712124037e+02
4.440567612687813082e+00,1.157132582081246483e+03,7.270000000000000000e+02,7.270000000000000000e+02,6.824929049107862511e+02
4.451752921535892860e+00,1.157938856427379051e+03,7.270000000000000000e+02,7.270000000000000000e+02,6.823530885503599848e+02
4.462938230383973526e+00,1.158745130773511391e+03,7.270000000000000000e+02,7.270000000000000000e+02,6.822132721899337184e+02
4.474123539232053304e+00,1.159551405119643960e+03,7.270000000000000000e+02,7.270000000000000000e+02,6.820734558295075658e+02
4.485308848080133970e+00,1.160357679465776300e+03,7.270000000000000000e+02,7.270000000000000000e+02,6.819336394690812995e+02
4.496494156928213748e+00,1.161163953811908641e+03,7.270000000000000000e+02,7.270000000000000000e+02,6.817938231086550331e+02
4.507679465776293526e+00,1.161970228158041209e+03,7.270000000000000000e+02,7.270000000000000000e+02,6.816540067482287668e+02
4.518864774624374192e+00,1.162776502504173550e+03,7.270000000000000000e+02,7.270000000000000000e+02,6.815141903878026142e+02
4.530050083472453970e+00,1.163582776850306118e+03,7.270000000000000000e+02,7.270000000000000000e+02,6.813743740273763478e+02
4.541235392320534636e+00,1.164389051196438459e+03,7.270000000000000000e+02,7.270000000000000000e+02,6.812345576669500815e+02
4.552420701168614414e+00,1.165195325542571027e+03,7.270000000000000000e+02,7.270000000000000000e+02,6.810947413065239289e+02
4.563606010016694192e+00,1.166001599888703367e+03,7.270000000000000000e+02,7.270000000000000000e+02,6.809549249460976625e+02
4.574791318864774858e+00,1.166807874234835936e+03,7.270000000000000000e+02,7.270000000000000000e+02,6.808151085856713962e+02
4.585976627712854636e+00,1.167614148580968276e+03,7.270000000000000000e+02,7.270000000000000000e+02,6.806752922252452436e+02
4.597161936560935303e+00,1.168420422927100844e+03,7.270000000000000000e+02,7.270000000000000000e+02,6.805354758648189772e+02
4.608347245409015080e+00,1.169226697273233185e+03,7.270000000000000000e+02,7.270000000000000000e+02,6.803956595043927109e+02
4.619532554257094858e+00,1.170032971619365526e+03,7.270000000000000000e+02,7.270000000000000000e+02,6.802558431439665583e+02
4.630717863105175525e+00,1.170839245965498094e+03,7.270000000000000000e+02,7.270000000000000000e+02,6.801160267835402919e+02
4.641903171953255303e+00,1.171645520311630435e+03,7.270000000000000000e+02,7.270000000000000000e+02,6.799762104231140256e+02
4.653088480801335969e+00,1.172451794657763003e+03,7.270000000000000000e+02,7.270000000000000000e+02,6.798363940626877593e+02
4.664273789649415747e+00,1.173258069003895343e+03,7.270000000000000000e+02,7.270000000000000000e+02,6.796965777022616066e+02
4.675459098497495525e+00,1.174064343350027912e+03,7.270000000000000000e+02,7.270000000000000000e+02,6.795567613418353403e+02
4.686644407345576191e+00,1.174870617696160252e+03,7.270000000000000000e+02,7.270000000000000000e+02,6.794169449814090740e+02
4.697829716193655969e+00,1.175676892042292820e+03,7.270000000000000000e+02,7.270000000000000000e+02,6.792771286209829213e+02
4.709015025041736635e+00,1.176483166388425161e+03,7.270000000000000000e+02,7.270000000000000000e+02,6.791373122605566550e+02
4.720200333889816413e+00,1.177289440734557502e+03,7.270000000000000000e+02,7.270000000000000000e+02,6.789974959001303887e+02
4.731385642737896191e+00,1.178095715080690070e+03,7.270000000000000000e+02,7.270000000000000000e+02,6.788576795397042360e+02
4.742570951585976857e+00,1.178901989426822411e+03,7.270000000000000000e+02,7.270000000000000000e+02,6.787178631792779697e+02
4.753756260434056635e+00,1.179708263772954979e+03,7.270000000000000000e+02,7.270000000000000000e+02,6.785780468188517034e+02
4.764941569282137301e+00,1.180514538119087320e+03,7.270000000000000000e+02,7.270000000000000000e+02,6.784382304584255508e+02
4.776126878130217079e+00,1.181320812465219888e+03,7.270000000000000000e+02,7.270000000000000000e+02,6.782984140979992844e+02
4.787312186978296857e+00,1.182127086811352228e+03,7.270000000000000000e+02,7.270000000000000000e+02,6.781585977375730181e+02
4.798497495826377524e+00,1.182933361157484796e+03,7.270000000000000000e+02,7.270000000000000000e+02,6.780187813771467518e+02
4.809682804674457302e+00,1.183739635503617137e+03,7.270000000000000000e+02,7.270000000000000000e+02,6.778789650167205991e+02
4.820868113522537968e+00,1.184545909849749705e+03,7.270000000000000000e+02,7.270000000000000000e+02,6.777391486562943328e+02
4.832053422370617746e+00,1.185352184195882046e+03,7.270000000000000000e+02,7.270000000000000000e+02,6.775993322958680665e+02
4.843238731218697524e+00,1.186158458542014387e+03,7.270000000000000000e+02,7.270000000000000000e+02,6.774595159354419138e+02
4.854424040066778190e+00,1.186964732888146955e+03,7.270000000000000000e+02,7.270000000000000000e+02,6.773196995750156475e+02
4.865609348914857968e+00,1.187771007234279296e+03,7.270000000000000000e+02,7.270000000000000000e+02,6.771798832145893812e+02
4.876794657762938634e+00,1.188577281580411864e+03,7.270000000000000000e+02,7.270000000000000000e+02,6.770400668541632285e+02
4.887979966611018412e+00,1.189383555926544204e+03,7.270000000000000000e+02,7.270000000000000000e+02,6.769002504937369622e+02
4.899165275459098190e+00,1.190189830272676772e+03,7.270000000000000000e+02,7.270000000000000000e+02,6.767604341333106959e+02
4.910350584307178856e+00,1.190996104618809113e+03,7.270000000000000000e+02,7.270000000000000000e+02,6.766206177728845432e+02
4.921535893155258634e+00,1.191802378964941454e+03,7.270000000000000000e+02,7.270000000000000000e+02,6.764808014124582769e+02
4.932721202003339300e+00,1.192608653311074022e+03,7.270000000000000000e+02,7.270000000000000000e+02,6.763409850520320106e+02
4.943906510851419078e+00,1.193414927657206363e+03,7.270000000000000000e+02,7.270000000000000000e+02,6.762011686916057442e+02
4.955091819699498856e+00,1.194221202003338931e+03,7.270000000000000000e+02,7.270000000000000000e+02,6.760613523311795916e+02
4.966277128547579522e+00,1.195027476349471272e+03,7.270000000000000000e+02,7.270000000000000000e+02,6.759215359707533253e+02
4.977462437395659300e+00,1.195833750695603840e+03,7.270000000000000000e+02,7.270000000000000000e+02,6.757817196103270589e+02
4.988647746243739967e+00,1.196640025041736180e+03,7.270000000000000000e+02,7.270000000000000000e+02,6.756419032499009063e+02
4.999833055091819745e+00,1.197446299387868748e+03,7.270000000000000000e+02,7.270000000000000000e+02,6.755020868894746400e+02
5.011018363939899523e+00,1.198252573734001089e+03,7.270000000000000000e+02,7.270000000000000000e+02,6.753622705290483736e+02
5.022203672787980189e+00,1.199058848080133657e+03,7.270000000000000000e+02,7.270000000000000000e+02,6.752224541686222210e+02
5.033388981636059967e+00,1.199865122426265998e+03,7.270000000000000000e+02,7.270000000000000000e+02,6.750826378081959547e+02
5.044574290484140633e+00,1.200671396772398566e+03,7.270000000000000000e+02,7.270000000000000000e+02,6.749428214477696883e+02
5.055759599332220411e+00,1.201477671118530907e+03,7.270000000000000000e+02,7.270000000000000000e+02,6.748030050873435357e+02
5.066944908180300189e+00,1.202283945464663248e+03,7.270000000000000000e+02,7.270000000000000000e+02,6.746631887269172694e+02
5.078130217028380855e+00,1.203090219810795816e+03,7.270000000000000000e+02,7.270000000000000000e+02,6.745233723664910030e+02
5.089315525876460633e+00,1.203896494156928156e+03,7.270000000000000000e+02,7.270000000000000000e+02,6.743835560060648504e+02
5.100500834724541299e+00,1.204702768503060724e+03,7.270000000000000000e+02,7.270000000000000000e+02,6.742437396456385841e+02
5.111686143572621077e+00,1.205509042849193065e+03,7.270000000000000000e+02,7.270000000000000000e+02,6.741039232852123178e+02
5.122871452420700855e+00,1.206315317195325633e+03,7.270000000000000000e+02,7.270000000000000000e+02,6.739641069247861651e+02
5.134056761268781521e+00,1.207121591541457974e+03,7.270000000000000000e+02,7.270000000000000000e+02,6.738242905643598988e+02
5.145242070116861299e+00,1.207927865887590542e+03,7.270000000000000000e+02,7.270000000000000000e+02,6.736844742039336325e+02
5.156427378964941965e+00,1.208734140233722883e+03,7.270000000000000000e+02,7.270000000000000000e+02,6.735446578435073661e+02
5.167612687813021743e+00,1.209540414579855224e+03,7.270000000000000000e+02,7.270000000000000000e+02,6.734048414830812135e+02
5.178797996661101521e+00,1.210346688925987792e+03,7.270000000000000000e+02,7.270000000000000000e+02,6.732650251226549472e+02
5.189983305509182188e+00,1.211152963272120132e+03,7.270000000000000000e+02,7.270000000000000000e+02,6.731252087622286808e+02
5.201168614357261966e+00,1.211959237618252700e+03,7.270000000000000000e+02,7.270000000000000000e+02,6.729853924018025282e+02
5.212353923205342632e+00,1.212765511964385041e+03,7.270000000000000000e+02,7.270000000000000000e+02,6.728455760413762619e+02
5.223539232053422410e+00,1.213571786310517609e+03,7.270000000000000000e+02,7.270000000000000000e+02,6.727057596809499955e+02
5.234724540901502188e+00,1.214378060656649950e+03,7.270000000000000000e+02,7.270000000000000000e+02,6.725659433205237292e+02
5.245909849749582854e+00,1.215184335002782518e+03,7.270000000000000000e+02,7.270000000000000000e+02,6.724261269600975766e+02
5.257095158597662632e+00,1.215990609348914859e+03,7.270000000000000000e+02,7.270000000000000000e+02,6.722863105996713102e+02
5.268280467445743298e+00,1.216796883695047427e+03,7.270000000000000000e+02,7.270000000000000000e+02,6.721464942392451576e+02
5.279465776293823076e+00,1.217603158041179768e+03,7.270000000000000000e+02,7.270000000000000000e+02,6.720066778788188913e+02
5.290651085141902854e+00,1.218409432387312108e+03,7.270000000000000000e+02,7.270000000000000000e+02,6.718668615183926249e+02
5.301836393989983520e+00,1.219215706733444677e+03,7.270000000000000000e+02,7.270000000000000000e+02,6.717270451579663586e+02
5.313021702838063298e+00,1.220021981079577017e+03,7.270000000000000000e+02,7.270000000000000000e+02,6.715872287975402060e+02
5.324207011686143964e+00,1.220828255425709585e+03,7.270000000000000000e+02,7.270000000000000000e+02,6.714474124371139396e+02
5.335392320534223742e+00,1.221634529771841926e+03,7.270000000000000000e+02,7.270000000000000000e+02,6.713075960766876733e+02
5.346577629382303520e+00,1.222440804117974494e+03,7.270000000000000000e+02,7.270000000000000000e+02,6.711677797162615207e+02
5.357762938230384187e+00,1.223247078464106835e+03,7.270000000000000000e+02,7.270000000000000000e+02,6.710279633558352543e+02
5.368948247078463964e+00,1.224053352810239176e+03,7.270000000000000000e+02,7.270000000000000000e+02,6.708881469954089880e+02
5.380133555926544631e+00,1.224859627156371744e+03,7.270000000000000000e+02,7.270000000000000000e+02,6.707483306349827217e+02
5.391318864774624409e+00,1.225665901502504084e+03,7.270000000000000000e+02,7.270000000000000000e+02,6.706085142745565690e+02
5.402504173622704187e+00,1.226472175848636653e+03,7.270000000000000000e+02,7.270000000000000000e+02,6.704686979141303027e+02
5.413689482470784853e+00,1.227278450194768993e+03,7.270000000000000000e+02,7.270000000000000000e+02,6.703288815537041501e+02
5.424874791318864631e+00,1.228084724540901561e+03,7.270000000000000000e+02,7.270000000000000000e+02,6.701890651932778837e+02
5.436060100166945297e+00,1.228890998887033902e+03,7.270000000000000000e+02,7.270000000000000000e+02,6.700492488328516174e+02
5.447245409015025075e+00,1.229697273233166470e+03,7.270000000000000000e+02,7.270000000000000000e+02,6.699094324724253511e+02
5.458430717863104853e+00,1.230503547579298811e+03,7.270000000000000000e+02,7.270000000000000000e+02,6.697696161119991984e+02
5.469616026711185519e+00,1.231309821925431379e+03,7.270000000000000000e+02,7.270000000000000000e+02,6.696297997515729321e+02
5.480801335559265297e+00,1.232116096271563720e+03,7.270000000000000000e+02,7.270000000000000000e+02,6.694899833911466658e+02
5.491986644407345963e+00,1.232922370617696288e+03,7.270000000000000000e+02,7.270000000000000000e+02,6.693501670307205131e+02
5.503171953255425741e+00,1.233728644963828629e+03,7.270000000000000000e+02,7.270000000000000000e+02,6.692103506702942468e+02
5.514357262103505519e+00,1.234534919309960969e+03,7.270000000000000000e+02,7.270000000000000000e+02,6.690705343098679805e+02
5.525542570951586185e+00,1.235341193656093537e+03,7.270000000000000000e+02,7.270000000000000000e+02,6.689307179494417142e+02
5.536727879799665963e+00,1.236147468002225878e+03,7.270000000000000000e+02,7.270000000000000000e+02,6.687909015890155615e+02
5.547913188647746630e+00,1.236953742348358446e+03,7.270000000000000000e+02,7.270000000000000000e+02,6.686510852285892952e+02
5.559098497495826408e+00,1.237760016694490787e+03,7.270000000000000000e+02,7.270000000000000000e+02,6.685112688681631425e+02
5.570283806343906186e+00,1.238566291040623128e+03,7.270000000000000000e+02,7.270000000000000000e+02,6.683714525077368762e+02
5.581469115191986852e+00,1.239372565386755696e+03,7.270000000000000000e+02,7.270000000000000000e+02,6.682316361473106099e+02
5.592654424040066630e+00,1.240178839732888036e+03,7.270000000000000000e+02,7.270000000000000000e+02,6.680918197868843436e+02
5.603839732888147296e+00,1.240985114079020605e+03,7.270000000000000000e+02,7.270000000000000000e+02,6.679520034264581909e+02
5.615025041736227074e+00,1.241791388425152945e+03,7.270000000000000000e+02,7.270000000000000000e+02,6.678121870660319246e+02
5.626210350584306852e+00,1.242597662771285513e+03,7.270000000000000000e+02,7.270000000000000000e+02,6.676723707056056583e+02
5.637395659432387518e+00,1.243403937117417854e+03,7.270000000000000000e+02,7.270000000000000000e+02,6.675325543451795056e+02
5.648580968280467296e+00,1.244210211463550422e+03,7.270000000000000000e+02,7.270000000000000000e+02,6.673927379847532393e+02
5.659766277128547962e+00,1.245016485809682763e+03,7.270000000000000000e+02,7.270000000000000000e+02,6.672529216243269730e+02
5.670951585976627740e+00,1.245822760155815331e+03,7.270000000000000000e+02,7.270000000000000000e+02,6.671131052639008203e+02
5.682136894824707518e+00,1.246629034501947672e+03,7.270000000000000000e+02,7.270000000000000000e+02,6.669732889034745540e+02
5.693322203672788184e+00,1.247435308848080240e+03,7.270000000000000000e+02,7.270000000000000000e+02,6.668334725430482877e+02
5.704507512520867962e+00,1.248241583194212581e+03,7.270000000000000000e+02,7.270000000000000000e+02,6.666936561826221350e+02
5.715692821368948628e+00,1.249047857540345149e+03,7.270000000000000000e+02,7.270000000000000000e+02,6.665538398221958687e+02
5.726878130217028406e+00,1.249854131886477489e+03,7.270000000000000000e+02,7.270000000000000000e+02,6.664140234617696024e+02
5.738063439065108184e+00,1.250660406232609830e+03,7.270000000000000000e+02,7.270000000000000000e+02,6.662742071013433360e+02
5.749248747913188851e+00,1.251466680578742398e+03,7.270000000000000000e+02,7.270000000000000000e+02,6.661343907409171834e+02
5.760434056761268629e+00,1.252272954924874739e+03,7.270000000000000000e+02,7.270000000000000000e+02,6.659945743804909171e+02
5.771619365609349295e+00,1.253079229271007307e+03,7.270000000000000000e+02,7.270000000000000000e+02,6.658547580200646507e+02
5.782804674457429073e+00,1.253885503617139648e+03,7.270000000000000000e+02,7.270000000000000000e+02,6.657149416596384981e+02
5.793989983305508851e+00,1.254691777963272216e+03,7.270000000000000000e+02,7.270000000000000000e+02,6.655751252992122318e+02
5.805175292153589517e+00,1.255498052309404557e+03,7.270000000000000000e+02,7.270000000000000000e+02,6.654353089387859654e+02
5.816360601001669295e+00,1.256304326655536897e+03,7.270000000000000000e+02,7.270000000000000000e+02,6.652954925783598128e+02
5.827545909849749961e+00,1.257110601001669465e+03,7.270000000000000000e+02,7.270000000000000000e+02,6.651556762179335465e+02
5.838731218697829739e+00,1.257916875347801806e+03,7.270000000000000000e+02,7.270000000000000000e+02,6.650158598575072801e+02
5.849916527545909517e+00,1.258723149693934374e+03,7.270000000000000000e+02,7.270000000000000000e+02,6.648760434970811275e+02
5.861101836393990183e+00,1.259529424040066715e+03,7.270000000000000000e+02,7.270000000000000000e+02,6.647362271366548612e+02
5.872287145242069961e+00,1.260335698386199283e+03,7.270000000000000000e+02,7.270000000000000000e+02,6.645964107762285948e+02
5.883472454090150627e+00,1.261141972732331624e+03,7.270000000000000000e+02,7.270000000000000000e+02,6.644565944158023285e+02
5.894657762938230405e+00,1.261948247078464192e+03,7.270000000000000000e+02,7.270000000000000000e+02,6.643167780553761759e+02
5.905843071786310183e+00,1.262754521424596533e+03,7.270000000000000000e+02,7.270000000000000000e+02,6.641769616949499095e+02
5.917028380634390849e+00,1.263560795770729101e+03,7.270000000000000000e+02,7.270000000000000000e+02,6.640371453345236432e+02
5.928213689482470627e+00,1.264367070116861441e+03,7.270000000000000000e+02,7.270000000000000000e+02,6.638973289740974906e+02
5.939398998330551294e+00,1.265173344462994010e+03,7.270000000000000000e+02,7.270000000000000000e+02,6.637575126136712242e+02
5.950584307178631072e+00,1.265979618809126350e+03,7.270000000000000000e+02,7.270000000000000000e+02,6.636176962532449579e+02
5.961769616026710850e+00,1.266785893155258691e+03,7.270000000000000000e+02,7.270000000000000000e+02,6.634778798928188053e+02
5.972954924874791516e+00,1.267592167501391259e+03,7.270000000000000000e+02,7.270000000000000000e+02,6.633380635323925389e+02
5.984140233722871294e+00,1.268398441847523600e+03,7.270000000000000000e+02,7.270000000000000000e+02,6.631982471719662726e+02
5.995325542570951960e+00,1.269204716193656168e+03,7.270000000000000000e+02,7.270000000000000000e+02,6.630584308115401200e+02
6.006510851419031738e+00,1.270010990539788509e+03,7.270000000000000000e+02,7.270000000000000000e+02,6.629186144511138536e+02
6.017696160267111516e+00,1.270817264885920849e+03,7.270000000000000000e+02,7.270000000000000000e+02,6.627787980906875873e+02
6.028881469115192182e+00,1.271623539232053417e+03,7.270000000000000000e+02,7.270000000000000000e+02,6.626389817302613210e+02
6.040066777963271960e+00,1.272429813578185758e+03,7.270000000000000000e+02,7.270000000000000000e+02,6.624991653698351683e+02
6.051252086811352626e+00,1.273236087924318326e+03,7.270000000000000000e+02,7.270000000000000000e+02,6.623593490094089020e+02
6.062437395659432404e+00,1.274042362270450667e+03,7.270000000000000000e+02,7.270000000000000000e+02,6.622195326489826357e+02
6.073622704507512182e+00,1.274848636616583235e+03,7.270000000000000000e+02,7.270000000000000000e+02,6.620797162885564831e+02
6.084808013355592848e+00,1.275654910962715576e+03,7.270000000000000000e+02,7.270000000000000000e+02,6.619398999281302167e+02
6.095993322203672626e+00,1.276461185308848144e+03,7.270000000000000000e+02,7.270000000000000000e+02,6.618000835677039504e+02
6.107178631051753293e+00,1.277267459654980485e+03,7.270000000000000000e+02,7.270000000000000000e+02,6.616602672072777978e+02
6.118363939899833071e+00,1.278073734001113053e+03,7.270000000000000000e+02,7.270000000000000000e+02,6.615204508468515314e+02
6.129549248747912849e+00,1.278880008347245393e+03,7.270000000000000000e+02,7.270000000000000000e+02,6.613806344864252651e+02
6.140734557595993515e+00,1.279686282693377962e+03,7.270000000000000000e+02,7.270000000000000000e+02,6.612408181259991125e+02
6.151919866444073293e+00,1.280492557039510302e+03,7.270000000000000000e+02,7.270000000000000000e+02,6.611010017655728461e+02
6.163105175292153959e+00,1.281298831385642643e+03,7.270000000000000000e+02,7.270000000000000000e+02,6.609611854051465798e+02
6.174290484140233737e+00,1.282105105731775211e+03,7.270000000000000000e+02,7.270000000000000000e+02,6.608213690447203135e+02
6.185475792988313515e+00,1.282911380077907552e+03,7.270000000000000000e+02,7.270000000000000000e+02,6.606815526842941608e+02
6.196661101836394181e+00,1.283717654424040120e+03,7.270000000000000000e+02,7.270000000000000000e+02,6.605417363238678945e+02
6.207846410684473959e+00,1.284523928770172461e+03,7.270000000000000000e+02,7.270000000000000000e+02,6.604019199634416282e+02
6.219031719532554625e+00,1.285330203116305029e+03,7.270000000000000000e+02,7.270000000000000000e+02,6.602621036030154755e+02
6.230217028380634403e+00,1.286136477462437369e+03,7.270000000000000000e+02,7.270000000000000000e+02,6.601222872425892092e+02
6.241402337228714181e+00,1.286942751808569938e+03,7.270000000000000000e+02,7.270000000000000000e+02,6.599824708821629429e+02
6.252587646076794847e+00,1.287749026154702278e+03,7.270000000000000000e+02,7.270000000000000000e+02,6.598426545217367902e+02
6.263772954924874625e+00,1.288555300500834619e+03,7.270000000000000000e+02,7.270000000000000000e+02,6.597028381613105239e+02
6.274958263772955291e+00,1.289361574846967187e+03,7.270000000000000000e+02,7.270000000000000000e+02,6.595630218008842576e+02
6.286143572621035069e+00,1.290167849193099528e+03,7.270000000000000000e+02,7.270000000000000000e+02,6.594232054404581049e+02
6.297328881469114847e+00,1.290974123539232096e+03,7.270000000000000000e+02,7.270000000000000000e+02,6.592833890800318386e+02
6.308514190317195514e+00,1.291780397885364437e+03,7.270000000000000000e+02,7.270000000000000000e+02,6.591435727196055723e+02
6.319699499165275292e+00,1.292586672231497005e+03,7.270000000000000000e+02,7.270000000000000000e+02,6.590037563591793059e+02
6.330884808013355958e+00,1.293392946577629345e+03,7.270000000000000000e+02,7.270000000000000000e+02,6.588639399987531533e+02
6.342070116861435736e+00,1.294199220923761914e+03,7.270000000000000000e+02,7.270000000000000000e+02,6.587241236383268870e+02
6.353255425709515514e+00,1.295005495269894254e+03,7.270000000000000000e+02,7.270000000000000000e+02,6.585843072779007343e+02
6.364440734557596180e+00,1.295811769616026822e+03,7.270000000000000000e+02,7.270000000000000000e+02,6.584444909174744680e+02
6.375626043405675958e+00,1.296618043962159163e+03,7.270000000000000000e+02,7.270000000000000000e+02,6.583046745570482017e+02
6.386811352253756624e+00,1.297424318308291731e+03,7.270000000000000000e+02,7.270000000000000000e+02,6.581648581966219353e+02
6.397996661101836402e+00,1.298230592654424072e+03,7.270000000000000000e+02,7.270000000000000000e+02,6.580250418361957827e+02
6.409181969949916180e+00,1.299036867000556413e+03,7.270000000000000000e+02,7.270000000000000000e+02,6.578852254757695164e+02
6.420367278797996846e+00,1.299843141346688981e+03,7.270000000000000000e+02,7.270000000000000000e+02,6.577454091153432501e+02
6.431552587646076624e+00,1.300649415692821321e+03,7.270000000000000000e+02,7.270000000000000000e+02,6.576055927549170974e+02
6.442737896494157290e+00,1.301455690038953890e+03,7.270000000000000000e+02,7.270000000000000000e+02,6.574657763944908311e+02
6.453923205342237068e+00,1.302261964385086230e+03,7.270000000000000000e+02,7.270000000000000000e+02,6.573259600340645648e+02
6.465108514190316846e+00,1.303068238731218571e+03,7.270000000000000000e+02,7.270000000000000000e+02,6.571861436736384121e+02
6.476293823038397512e+00,1.303874513077351139e+03,7.270000000000000000e+02,7.270000000000000000e+02,6.570463273132121458e+02
6.487479131886477290e+00,1.304680787423483480e+03,7.270000000000000000e+02,7.270000000000000000e+02,6.569065109527858795e+02
6.498664440734557957e+00,1.305487061769616048e+03,7.270000000000000000e+02,7.270000000000000000e+02,6.567666945923597268e+02
6.509849749582637735e+00,1.306293336115748389e+03,7.270000000000000000e+02,7.270000000000000000e+02,6.566268782319334605e+02
6.521035058430717513e+00,1.307099610461880957e+03,7.270000000000000000e+02,7.270000000000000000e+02,6.564870618715071942e+02
6.532220367278798179e+00,1.307905884808013298e+03,7.270000000000000000e+02,7.270000000000000000e+02,6.563472455110809278e+02
6.543405676126877957e+00,1.308712159154145866e+03,7.270000000000000000e+02,7.270000000000000000e+02,6.562074291506547752e+02
6.554590984974958623e+00,1.309518433500278206e+03,7.270000000000000000e+02,7.270000000000000000e+02,6.560676127902285089e+02
6.565776293823038401e+00,1.310324707846410774e+03,7.270000000000000000e+02,7.270000000000000000e+02,6.559277964298022425e+02
6.576961602671118179e+00,1.311130982192543115e+03,7.270000000000000000e+02,7.270000000000000000e+02,6.557879800693760899e+02
6.588146911519198845e+00,1.311937256538675683e+03,7.270000000000000000e+02,7.270000000000000000e+02,6.556481637089498236e+02
6.599332220367278623e+00,1.312743530884808024e+03,7.270000000000000000e+02,7.270000000000000000e+02,6.555083473485235572e+02
6.610517529215359289e+00,1.313549805230940365e+03,7.270000000000000000e+02,7.270000000000000000e+02,6.553685309880972909e+02
6.621702838063439067e+00,1.314356079577072933e+03,7.270000000000000000e+02,7.270000000000000000e+02,6.552287146276711383e+02
6.632888146911518845e+00,1.315162353923205274e+03,7.270000000000000000e+02,7.270000000000000000e+02,6.550888982672448719e+02
6.644073455759599511e+00,1.315968628269337842e+03,7.270000000000000000e+02,7.270000000000000000e+02,6.549490819068186056e+02
6.655258764607679289e+00,1.316774902615470182e+03,7.270000000000000000e+02,7.270000000000000000e+02,6.548092655463924530e+02
6.666444073455759955e+00,1.317581176961602750e+03,7.270000000000000000e+02,7.270000000000000000e+02,6.546694491859661866e+02
6.677629382303839733e+00,1.318387451307735091e+03,7.270000000000000000e+02,7.270000000000000000e+02,6.545296328255399203e+02
6.688814691151919511e+00,1.319193725653867659e+03,7.270000000000000000e+02,7.270000000000000000e+02,6.543898164651137677e+02
6.700000000000000178e+00,1.320000000000000000e+03,7.270000000000000000e+02,7.270000000000000000e+02,6.542500001046875013e+02
